nome,cognome,email,password,telefono,tipo_utente,id_sede
Luca,Rossi,luca.rossi3@example.com,123,3201000003,user,1
Marco,Bianchi,marco.bianchi4@example.com,123,3201000004,user,2
Giulia,Verdi,giulia.verdi5@example.com,123,3201000005,user,3
Sara,Esposito,sara.esposito6@example.com,123,3201000006,manager,4
Andrea,Ricci,andrea.ricci7@example.com,123,3201000007,user,5
Francesca,Romano,francesca.romano8@example.com,123,3201000008,user,1
Matteo,Gallo,matteo.gallo9@example.com,123,3201000009,user,2
Chiara,Conti,chiara.conti10@example.com,123,3201000010,manager,3
Davide,Ferrari,davide.ferrari11@example.com,123,3201000011,user,4
Elisa,Marini,elisa.marini12@example.com,123,3201000012,user,5
Simone,Fontana,simone.fontana13@example.com,123,3201000013,user,1
Valentina,Riva,valentina.riva14@example.com,123,3201000014,manager,2
Alessandro,Serra,alessandro.serra15@example.com,123,3201000015,user,3
Martina,Greco,martina.greco16@example.com,123,3201000016,user,4
Federico,Moretti,federico.moretti17@example.com,123,3201000017,user,5
Ilaria,Barbieri,ilaria.barbieri18@example.com,123,3201000018,manager,1
Gabriele,Lombardi,gabriele.lombardi19@example.com,123,3201000019,user,2
Beatrice,Santoro,beatrice.santoro20@example.com,123,3201000020,user,3
Riccardo,Testa,riccardo.testa21@example.com,123,3201000021,user,4
Camilla,De Luca,camilla.deluca22@example.com,123,3201000022,manager,5
Lorenzo,Pellegrini,lorenzo.pellegrini23@example.com,123,3201000023,user,1
Noemi,Russo,noemi.russo24@example.com,123,3201000024,user,2
Emanuele,Caruso,emanuele.caruso25@example.com,123,3201000025,user,3
Stefano,Amato,stefano.amato26@example.com,123,3201000026,user,4
Arianna,Colombo,arianna.colombo27@example.com,123,3201000027,user,5
Nicola,Romano,nicola.romano28@example.com,123,3201000028,manager,1
Federica,Martini,federica.martini29@example.com,123,3201000029,user,2
Tommaso,Ferrara,tommaso.ferrara30@example.com,123,3201000030,user,3
Aurora,Rossetti,aurora.rossetti31@example.com,123,3201000031,user,4
Pietro,Marchetti,pietro.marchetti32@example.com,123,3201000032,manager,5
Caterina,Valenti,caterina.valenti33@example.com,123,3201000033,user,1
Leonardo,Basile,leonardo.basile34@example.com,123,3201000034,user,2
Marta,Fiore,marta.fiore35@example.com,123,3201000035,user,3
Salvatore,Rizzi,salvatore.rizzi36@example.com,123,3201000036,manager,4
Alice,Monti,alice.monti37@example.com,123,3201000037,user,5
Fabio,Orlando,fabio.orlando38@example.com,123,3201000038,user,1
Giorgia,Vitale,giorgia.vitale39@example.com,123,3201000039,user,2
Christian,Ferri,christian.ferri40@example.com,123,3201000040,manager,3
Silvia,Pagano,silvia.pagano41@example.com,123,3201000041,user,4
Massimo,Longo,massimo.longo42@example.com,123,3201000042,user,5
Elena,Grassi,elena.grassi43@example.com,123,3201000043,user,1
Daniele,Rinaldi,daniele.rinaldi44@example.com,123,3201000044,manager,2
Claudia,Marino,claudia.marino45@example.com,123,3201000045,user,3
Giacomo,De Angelis,giacomo.deangelis46@example.com,123,3201000046,user,4
Serena,Mancini,serena.mancini47@example.com,123,3201000047,user,5
Marco,Farina,marco.farina48@example.com,123,3201000048,manager,1
Veronica,Russo,veronica.russo49@example.com,123,3201000049,user,2
Antonio,Mariani,antonio.mariani50@example.com,123,3201000050,user,3
Irene,Leone,irene.leone51@example.com,123,3201000051,user,4
Fabiana,Messina,fabiana.messina52@example.com,123,3201000052,manager,5
Cristian,Martino,cristian.martino53@example.com,123,3201000053,user,1
Noemi,Fontana,noemi.fontana54@example.com,123,3201000054,user,2
Edoardo,Gentile,edoardo.gentile55@example.com,123,3201000055,user,3
Luisa,Piras,luisa.piras56@example.com,123,3201000056,manager,4
Roberto,Marchetti,roberto.marchetti57@example.com,123,3201000057,user,5
Alessia,Carbone,alessia.carbone58@example.com,123,3201000058,user,1
Vincenzo,Palumbo,vincenzo.palumbo59@example.com,123,3201000059,user,2
Greta,Sorrentino,greta.sorrentino60@example.com,123,3201000060,manager,3
Michele,Ruggiero,michele.ruggiero61@example.com,123,3201000061,user,4
Beatrice,Donati,beatrice.donati62@example.com,123,3201000062,user,5
Andrea,Bernardi,andrea.bernardi63@example.com,123,3201000063,user,1
Federica,Landi,federica.landi64@example.com,123,3201000064,manager,2
Nicolò,Coppola,nicolo.coppola65@example.com,123,3201000065,user,3
Matilde,Marino,matilde.marino66@example.com,123,3201000066,user,4
Luca,Bellini,luca.bellini67@example.com,123,3201000067,user,5
Sofia,Martini,sofia.martini68@example.com,123,3201000068,manager,1
Gabriele,Rosati,gabriele.rosati69@example.com,123,3201000069,user,2
Alice,Fabbri,alice.fabbri70@example.com,123,3201000070,user,3
Dario,Costantini,dario.costantini71@example.com,123,3201000071,user,4
Elisa,Morelli,elisa.morelli72@example.com,123,3201000072,manager,5
Fabio,Russo,fabio.russo73@example.com,123,3201000073,user,1
Chiara,Silvestri,chiara.silvestri74@example.com,123,3201000074,user,2
Matteo,Valentini,matteo.valentini75@example.com,123,3201000075,user,3
Sara,Ferraro,sara.ferraro76@example.com,123,3201000076,manager,4
Lorenzo,Guidi,lorenzo.guidi77@example.com,123,3201000077,user,5
Camilla,Romani,camilla.romani78@example.com,123,3201000078,user,1
Simone,Parisi,simone.parisi79@example.com,123,3201000079,user,2
Valentina,Marchetti,valentina.marchetti80@example.com,123,3201000080,manager,3
Pietro,Esposito,pietro.esposito81@example.com,123,3201000081,user,4
Giulia,Rinaldi,giulia.rinaldi82@example.com,123,3201000082,user,5
Andrea,Colombo,andrea.colombo83@example.com,123,3201000083,user,1
Martina,Galli,martina.galli84@example.com,123,3201000084,manager,2
Davide,Conti,davide.conti85@example.com,123,3201000085,user,3
Francesca,Ricci,francesca.ricci86@example.com,123,3201000086,user,4
Marco,Marino,marco.marino87@example.com,123,3201000087,user,5
Elena,Greco,elena.greco88@example.com,123,3201000088,manager,1
Alessandro,Fontana,alessandro.fontana89@example.com,123,3201000089,user,2
Beatrice,Serra,beatrice.serra90@example.com,123,3201000090,user,3
Federico,Martini,federico.martini91@example.com,123,3201000091,user,4
Noemi,DeLuca,noemi.deluca92@example.com,123,3201000092,manager,5
Gabriele,Lombardi,gabriele.lombardi93@example.com,123,3201000093,user,1
Aurora,Ferri,aurora.ferri94@example.com,123,3201000094,user,2
Riccardo,Caruso,riccardo.caruso95@example.com,123,3201000095,user,3
Sofia,Mancini,sofia.mancini96@example.com,123,3201000096,manager,4
Tommaso,Leone,tommaso.leone97@example.com,123,3201000097,user,5
Alice,Giordano,alice.giordano98@example.com,123,3201000098,user,1
Nicolo,Bianco,nicolo.bianco99@example.com,123,3201000099,user,2
Emma,Testa,emma.testa100@example.com,123,3201000100,manager,3
Leonardo,Villa,leonardo.villa101@example.com,123,3201000101,user,4